{
  "typeInfo" : {
    "version" : 1,
    "type" : "story"
  },
  "metadata" : {
    "playerCode" : "S1-M4",
    "playerShortCode" : "4",
    "title" : "A Lost Child",
    "teaser" : "All things wicked start from innocence",
    "nonSpoilerSummary" : "A young girl is stranded in the zombie-infested wilderness. You can’t just leave a defenceless child to die out there... can you?",
    "shareText" : "Rescued a lost child in zombie-infested wilderness. Found an important ally."
  },
  "scenes" : [
    {
      "postCompletionShortSummary" : "You set off to try and find the location of a lost child.",
      "playerShortCode" : "1",
      "postCompletionTitle" : "Searching for the Lost Child",
      "identifier" : "M-E03-01",
      "preCompletionTitle" : "Briefing",
      "pickupTable" : "IFT-10",
      "audio" : {
        "duration" : 156.97846875,
        "fileName" : "M-E03-01.mp3"
      }
    },
    {
      "postCompletionShortSummary" : "As you approach the lost child’s vicinity, something approaching you quickly from behind appears on Sam’s scanner.",
      "playerShortCode" : "2",
      "postCompletionTitle" : "Who's On The Bike?",
      "identifier" : "M-E03-02",
      "preCompletionTitle" : "There She Is!",
      "pickupTable" : "IFT-10",
      "audio" : {
        "duration" : 61.5953125,
        "fileName" : "M-E03-02.mp3"
      }
    },
    {
      "postCompletionShortSummary" : "The lost child’s father appears on a motorcycle, introducing himself as Ed. As they reunite, Ed’s motorbike runs out of fuel.",
      "playerShortCode" : "3",
      "postCompletionTitle" : "A Heartwarming Reunion",
      "triggerChaseAfterDelay" : -3,
      "identifier" : "M-E03-03",
      "preCompletionTitle" : "The Biker Approaches",
      "pickupTable" : "IFT-10",
      "audio" : {
        "duration" : 79.4841875,
        "fileName" : "M-E03-03.mp3"
      }
    },
    {
      "postCompletionShortSummary" : "Sam is glad to have you back on cams, and you run with Molly as Ed refuels his bike.",
      "playerShortCode" : "4",
      "supplyPickups" : [
        {
          "quantity" : 1,
          "time" : 0,
          "code" : "FCAN"
        }
      ],
      "postCompletionTitle" : "Reached the Fuel Dump",
      "artefactPickups" : [
        {
          "time" : 0,
          "code" : "TONE"
        }
      ],
      "identifier" : "M-E03-04",
      "preCompletionTitle" : "Escaping with Ed & Molly",
      "pickupTable" : "IFT-10",
      "audio" : {
        "duration" : 152.9414375,
        "fileName" : "M-E03-04.mp3"
      }
    },
    {
      "postCompletionShortSummary" : "Ed proposes that he joins Abel as a mechanic, and you head back to the township together.",
      "playerShortCode" : "5",
      "postCompletionTitle" : "Waiting to Refuel",
      "identifier" : "M-E03-05",
      "preCompletionTitle" : "Back To The Bike",
      "pickupTable" : "IFT-10",
      "audio" : {
        "duration" : 41.5855625,
        "fileName" : "M-E03-05.mp3"
      }
    },
    {
      "postCompletionShortSummary" : "You accompany Ed to recover some fuel at a dump nearby, where you spot a discarded rocket launcher.",
      "playerShortCode" : "6",
      "postCompletionTitle" : "Running Home",
      "identifier" : "M-E03-06",
      "preCompletionTitle" : "Fuelled Up",
      "pickupTable" : "IFT-10",
      "audio" : {
        "duration" : 80.942375,
        "fileName" : "M-E03-06.mp3"
      }
    }
  ],
  "auxilaryScenes" : {
    "previouslyOnScene" : {
      "duration" : 29.65836734693877,
      "fileName" : "S1M4PreviouslyOn.mp3"
    },
    "nextOnScene" : {
      "duration" : 29.73673469387755,
      "fileName" : "NextTimeS1M5 (1).mp3"
    }
  },
  "decisions" : [

  ]
}